{"cameraMode":{"drawMode":0,"name":"Shaded","section":"Shading Mode"},"sceneLighting":true,"audioPlay":false,"sceneViewState":{"m_AlwaysRefresh":false,"showFog":true,"showSkybox":true,"showFlares":true,"showImageEffects":true,"showParticleSystems":true,"showVisualEffectGraphs":true,"m_FxEnabled":true},"in2DMode":false,"pivot":{"x":510.3265075683594,"y":-16.60992431640625,"z":112.76930236816406},"rotation":{"x":-0.12357380986213684,"y":-0.011320231482386589,"z":0.001409292803145945,"w":-0.9922735691070557},"size":38.02238845825195,"orthographic":false}